# glanville NP177 training patient. 1 = positive, 0 = negative.
CAGGTDYEQYF	1
CAMREGRRDDKIIF	1
CAMREVYGQNFVF	1
CANCRWAPAPYEQYF	1
CASAGTSGYEQYF	1
CASEPSGMTYNEQFF	1
CASKGDRGFGNQPQHF	1
CASREGSYNEQFF	1
CASRIGAAGNSPLHF	1
CASRLAGGSDEQFF	1
CASRPGSRETDTQYF	1
CASRQASEQYF	1
CASRTSGGPADTQYF	1
CASRVGGAGNNEQFF	1
CASSARGLAGETNTDTQYF	1
CASSASGTGGEQYF	1
CASSAVGTGWHEQYF	1
CASSDESWGEDEQFF	1
CASSDGDEENIQYF	1
CASSEARQGDQPQHF	1
CASSEGLLYEQYF	1
CASSELGGPNTEAFF	1
CASSEVGKGNQPQHF	1
CASSFALGGHGYTF	1
CASSFDAGMNTEAFF	1
CASSFGSSTQYF	1
CASSFLAASFYEQYF	1
CASSFREAYEQYF	1
CASSFYGETQYF	1
CASSGGLAGTYEQYF	1
CASSGGVQGEQFF	1
CASSHRDRATEAFF	1
CASSIQGGREAFF	1
CASSKQGSSYNEQFF	1
CASSKTSASYEQYF	1
CASSLAGPGLSTEAFF	1
CASSLAPGLGTEAFF	1
CASSLAQGMGPGNTIYF	1
CASSLASSSQAYEQYF	1
CASSLAVRNNEQFF	1
CASSLDYRGVGYGYTF	1
CASSLEGDQPQHF	1
CASSLEGQASSYEQYF	1
CASSLEGRNTEAFF	1
CASSLGGANVLTF	1
CASSLGGQGAGETQYF	1
CASSLGMFDQPQHF	1
CASSLGQGNTEAFF	1
CASSLGQNRPQHF	1
CASSLGRETQYF	1
CASSLGRGTGELFF	1
CASSLISQDTEAFF	1
CASSLKAPEAFF	1
CASSLLAGLVFDEQFF	1
CASSLLGSGETQYF	1
CASSLNDRGLTGNEQFF	1
CASSLNRVAAVYEQYF	1
CASSLQGPNQPQHF	1
CASSLRKRSTGELFF	1
CASSLRQGADEKLFF	1
CASSLSDPYEQYF	1
CASSLSEQGRGYTF	1
CASSLSGSTDTQYF	1
CASSLSRPDTQYF	1
CASSLSTQPLGDEQFF	1
CASSLTGTGEKLFF	1
CASSLVAGTGSVSYEQYF	1
CASSLVSGDTQYF	1
CASSLWTTGGNQPQHF	1
CASSLYTGGRETQYF	1
CASSPAGPGMNTEAFF	1
CASSPARAERGRELFF	1
CASSPDRRLRTEAFF	1
CASSPDSPYEQYF	1
CASSPFSGPSYEQYF	1
CASSPGISGYEQYF	1
CASSPGLANTDTQYF	1
CASSPKDRDPLGYGYTF	1
CASSPLLTTSAPDTQYF	1
CASSPPSGPVRNEQFF	1
CASSPPSGPVRNEQYF	1
CASSPPSGSAYNEQFF	1
CASSPRQGAGETQYF	1
CASSPRTSGLTDTQYF	1
CASSPWGGEQYF	1
CASSPWGGKETQYF	1
CASSQAGGAGRNTGELFF	1
CASSQDIVGTGKGYTF	1
CASSQDPIQGTDTQYF	1
CASSQDRGGVNYEQYF	1
CASSQEAESSYEQYF	1
CASSQEGAGPFYEQYF	1
CASSQGAGQAYEQYF	1
CASSQGGQHRSNEKLFF	1
CASSQGLANTDTQYF	1
CASSQGLGSYEQYF	1
CASSQGPAGGSALHF	1
CASSQSGTSTDTQYF	1
CASSQSPGGIQYF	1
CASSQTSGTGREQFF	1
CASSQVDFRADRSSYNEQFF	1
CASSQVGGDEQFF	1
CASSQVLTGLDEQFF	1
CASSQWAGANNEQFF	1
CASSRDSTGELFF	1
CASSRTTGLDGYTF	1
CASSRTVYEQYF	1
CASSSDPVAVTNQPQHF	1
CASSSEEEAYGYTF	1
CASSSERTDGASGANVLTF	1
CASSSGDTYYEQYF	1
CASSSGQEKLFF	1
CASSSKPYEQYF	1
CASSSLADQETQYF	1
CASSSLSGYNEQFF	1
CASSSPWGDATEAFF	1
CASSSTASRNTGELFF	1
CASSSVNEQFF	1
CASSTLPNMNTEAFF	1
CASSTTSGNTGELFF	1
CASSTWTAPQETQYF	1
CASSVALGVDGTDTQYF	1
CASSVDGGGTEAFF	1
CASSVDGSGVTYEQYF	1
CASSVDRQPGNTIYF	1
CASSVEQGISEAFF	1
CASSVGGLGSTDTQYF	1
CASSVGGSNQPQHF	1
CASSVGVSYEQYF	1
CASSVRDNQETQYF	1
CASSVVSGTSGRGNEQFF	1
CASSWETSGNTGELFF	1
CASSWGRIYGYTF	1
CASSWSGRAYEQYF	1
CASSYATGSGANVLTF	1
CASSYATGSQNIQYF	1
CASSYGGGTYEQYF	1
CASSYGQALLADEQFF	1
CASSYLRAGDNEQFF	1
CASSYPEPSIQYF	1
CASSYSDSNYEQYF	1
CASSYSFLVIGDNTEAFF	1
CASSYSIGVVSEQYF	1
CASSYSSALSNQPQHF	1
CASSYSWPPETYEQYF	1
CASTGGDTSYNEQFF	1
CASTQAGMNTEAFF	1
CATAARETQETQYF	1
CATSETGDPYGYTF	1
CATSPDRGGADEKLFF	1
CATSRDRWNTEAFF	1
CATSRGDEVGEQYF	1
CATSRTSGEEQYF	1
CATSRVAGEEQFF	1
CATSYTGSANYGYTF	1
CAWRDRVYDEKLFF	1
CAWSGPAGLLQYF	1
CAWSLTSGRGHEQFF	1
CAWSSGAGRDEQFF	1
CISVPAAGLVGGARDTQYF	1
CSAPRYNEQFF	1
CSARDDGTVDYGYTF	1
CSARDFIGGNEQFF	1
CSARDRDRGYEQYF	1
CSARDVSLAGGPDEQYF	1
CSARLADNEQFF	1
CSARNYLKTNEQFF	1
CSATSGGTLEQYF	1
CSAVVVQKPSYEQYF	1
CSVEDGGFPYEQYF	1
CSVEDRVGGTAGYEQYF	1
CSVEDTGTAQGGYEQYF	1
CSVEVEGAASYEQYF	1
CSVEVWDEETQYF	1
CSVPGAGRYNEQFF	1
CSVSGLAGGYEQYF	1
CASSLVSSGGTETQYF	0
CASSTPNTEAFF	0
CASSSGRDGTEAFF	0
CASSRGTGEANTQYF	0
CASSRTYEQYF	0
CASSPRTGADTQYF	0
CASSVLPGQGANSYEQYF	0
CASSLATGSSSYNEQFF	0
CASSQAGETQYF	0
CASSPDLNSPLHF	0
CASSRQVQETQYF	0
CASSLVPGQSYEQYF	0
CASSLVLPAGELFF	0
CASSQSLTSGKTQYF	0
CASSYSGLRAYSPLHF	0
CSVAQETQYF	0
CASSPLWGGSNQPQHF	0
CASSFASGDRKTQYF	0
CASSIRAPPDTQYF	0
CASSLRSGLQNYGYTF	0
CASRHYGTGEGYTF	0
CASSQDRGYNEQFF	0
CASSLRGTLHF	0
CASSDVHLNGYTF	0
CASSPLGLAGVETQYF	0
CASSQDNVANVLTF	0
CSARAGVNTGELFF	0
CASSIGATEAFF	0
CASSLRQGDSEQFF	0
CASVPGQQLTGELFF	0
CASSRGSEQFF	0
CSVVSSYEQYF	0
CASSFRGVPRTDTQYF	0
CASSLGEGANEKLFF	0
CASSLTPSGNEQFF	0
CATSDSSPGGGFNEQFF	0
CASSLPGPQVSLYF	0
CASSPPSPAAFSGNTIYF	0
CASSNRGNQPQHF	0
CASSYGYEQYF	0
CATSRVLETQYF	0
CASMKATYEQYF	0
CASSQGPGANVLTF	0
CASSDQRETEQYF	0
CASSLAAAAYEQYF	0
CASSLDGLRRGHLDNEQFF	0
CATRLADGELFF	0
CASSYLSSYNSPLHF	0
CSASLAEYSNQPQHF	0
CASRKAGGGYEQYF	0
CASSEPGSYEQYF	0
CSARDQVREAMNTEAFF	0
CASSEGTGGGETQYF	0
CASSVGQGERGYTF	0
CASSLAPPTRYEQYF	0
CASGHNQPQHF	0
CASSRVKSGANVLTF	0
CASSVGSYEQYF	0
CASSLGLANTGELFF	0
CVTSTRQGNEKLFF	0
CSVGQGYEQYF	0
CSAHLTGYEQYF	0
CSASVVEGAGELFF	0
CVTIQELASLWLNEKLFF	0
CASSPRVGTEAFF	0
CASRSAGAAQETQYF	0
CASRSQGWNEKLFF	0
CASSLALSVAGGSNEQFF	0
CASSLVTADNSPLHF	0
CASRDTGTNEKLFF	0
CASSLTGGGNQPQHF	0
CASSLEAGGLVYEQYF	0
CASSLVAENQPQHF	0
CASTVAGAHNEQFF	0
CASSYRGAADTQYF	0
CASSQDRGGTDTQYF	0
CSAARGGDYNEQFF	0
CASSPSPGGANVLTF	0
CASKGRARYEQYF	0
CASSYGQGVSYEQYF	0
CASSYGIAGADLTEAFF	0
CASRDRANQPQHF	0
CSARDIRGNQPQHF	0
CASSLMRVIGYEQYF	0
CASRSGTGVGEQFF	0
CASSTGYGYTF	0
CASSLNQAGNQETQYF	0
CAISDMDSSYEQYF	0
CATSRVGERNEQFF	0
CASINQGLATNEQFF	0
CASSFGLAYNSPLHF	0
CSARRQEGAIGYTF	0
CASSQVAGVYIQYF	0
CASSLAGFLVLAEYNEQFF	0
CASSPHRERNEQFF	0
CSARARWTSGGGIQYF	0
CASSLTPLDEQFF	0
CASSLSTGKYNEQFF	0
CASSDGQGKATQYF	0
CAISESTGHEQYF	0
CSVGGNTEAFF	0
CASSPPGVNEQFF	0
CASSIGQIHYEQYF	0
CASSDGAAGTQYF	0
CSARDDRGGETQYF	0
CASSYGEDTEAFF	0
CASSPGGGQAISYNEQFF	0
CATSREGGPSGNTIYF	0
CASSVRGREQFF	0
CSASQTRGAQYF	0
CASSHGQASNQPQHF	0
CSATRPDLTTSPLHF	0
CASRDRGFGSPLHF	0
CSVGSDRAYEQYF	0
CASTLDQGTGELFF	0
CASSLSSDAFTYEQYF	0
CASSTGSTQYF	0
CASSLGSTGNYEQYF	0
CASSPLVRRPFQYF	0
CASSPGPDRYDTYEQYF	0
CAITDYHAANYGYTF	0
CASSLVGADTQYF	0
CSGEQGKETQYF	0
CASSSRLTGTYNEQFF	0
CASSLNSERDQYNEQFF	0
CASSQSSGTGETQYF	0
CASSYRGTRHGYTF	0
CASRRALAGSDNEQFF	0
CASRRQASNTEAFF	0
CASSFPSRGQTQYF	0
CASSRRGSSYNEQFF	0
CASSWGLAGVNEQFF	0
CAIGGLAGAGDTQYF	0
CASGQLKANYGYTF	0
CASSSLYEQYF	0
CSARARDATKNIQYF	0
CASSLDLGQGAGETQYF	0
CAISDDSSYNSPLHF	0
CAFKPPGHTNYGYTF	0
CSVDGTPGYEQYF	0
CASSKGTGAGETQYF	0
CASSLGGAGANVLTF	0
CASRTSGTETQYF	0
CASSLDVGANVLTF	0
CASSFGTGGNQPQHF	0
CASSLGTGTNEQFF	0
CASSGIEGSSYNSPLHF	0
CASSLGGGDTQYF	0
CASSQQTGNNQPQHF	0
CASSISGTEAFF	0
CATGYEQYF	0
CASSLVSGANTGELFF	0
CASGPASGGDTDTQYF	0
CATSDGRRTLTDTQYF	0
CASSYEGTATNEKLFF	0
CAIRGGIGSYNEQFF	0
CASSGQRNTEAFF	0
CASSEIGAPLMNTEAFF	0
CSARRLGNTEAFF	0
CASSPGLARQTQYF	0
CASRIYEQYF	0
CSARVVRGTPGETQYF	0
CASSIRGQLYGYTF	0
CSASFGFGTSGFQETQYF	0
CASSLGLAGGAGANVLTF	0
CASSQQPQETQYF	0
CAISGGWRDTEAFF	0
CASSLAANPYEQYF	0
CASSPHGTAGAYEQYF	0
CSATSGMSSYNEQFF	0
CASHLGSWTGGDNEQFF	0
CASSLGQGANPNEKLFF	0
CASSPDTYYGYTF	0
CASSQLVKETQYF	0
CSAREIYGYTF	0
CSVETVGNTIYF	0
CASSKTARDQPQHF	0
CSANAKGVRGNYGYTF	0
CSVDPGLAGGPDEQFF	0
CASSPRGSAGALEQFF	0
CASSLGAGAGYGYTF	0
CASSYREVVSPLHF	0
CASSPGTTEAFF	0
CASSFGPGKDEQFF	0
CASSSLSTSGAGNEQFF	0
CASSSPPETQYF	0
CASTLSGGSADTQYF	0
CASSLAPGQGYEQYF	0
CASREGQVFDYGYTF	0
CASSERQVFGRRYEQYF	0
CASSLLSGRGADTQYF	0
CAIRPDGYEQYF	0
CASGRGWRTEAFF	0
CASSYSTSGQYYGYTF	0
CASSQTGRLQPQHF	0
CASSTTVLSYEQYF	0
CASKLTGQGHYGYTF	0
CASSLTGATDTQYF	0
CASSFPGAIGTDTQYF	0
CASSLGRQGNSPLHF	0
CASRLYPTGSSYEQYF	0
CASSDPGSGRNYNEQFF	0
CSVETSGGAIYNEQFF	0
CAISEGLGNTDTQYF	0
CSARDLAGGDNSPLHF	0
CASSTATSGAYEQYF	0
CASSSYQGGYTF	0
CSANTPETSYEQYF	0
CASFTGTGNYEQYF	0
CASSRKPGRVSGANVLTF	0
CASSLTRVSPETQYF	0
CASSYQGMGTEAFF	0
CASSPITVRSTQYF	0
CASSLGQGRETQYF	0
CAISGGTGGQRTPREQYF	0
CASSSTSGVGFF	0
CASSWLRRYVQYF	0
CASRDVNEDTQYF	0
CASSIQAFGYGYTF	0
CASSQDLAGVTDTQYF	0
CASRKERGSAYEHYF	0
CASSAGLGEKLFF	0
CASSYSRLLRHTEAFF	0
CAIPSGSRNTGELFF	0
CASSLQGRNSPLHF	0
CASSEALQALVGQFF	0
CASSGAGSSYNEQFF	0
CASSPGLSYQETQYF	0
CASSSRDRVHEQYF	0
CASSYPRPAPTFF	0
CASRADREYYGYTF	0
CASSSSYEQYF	0
CASSRTGGTEAFF	0
CASSLVPDLAGRNEQFF	0
CASSSGTGAYNEQFF	0
CATTSLPTEAFF	0
CASSLAGGVNEQFF	0
CASSLNIGGSTGELFF	0
CAIRTDSKMNTEAFF	0
CASSPLARGLSPLHF	0
CASSVMGAGDTQYF	0
CASRAVREGRNEQFF	0
CASSSIYEQYF	0
CSAPNRGTSYEQYF	0
CSVETGVGNTIYF	0
CATSGTSGRTDTQYF	0
CASSQNSNTGELFF	0
CASSEVFSASSYEQYF	0
CASRGQGGSSEQYF	0
CASSTGQGEQFF	0
CASSLLNPGTGELFF	0
CASSRREGDTQYF	0
CASSQGADQETQYF	0
CASSHRDRNYEQYF	0
CASSLGLNTEAFF	0
CASSLGETQYF	0
CASSTLAGGYNEQFF	0
CATSRDYLGGSNQPQHF	0
CASRPRASYGYTF	0
CASSPSDTQYF	0
CASSPSGGQETQYF	0
CSVGLAGPPYEQYF	0
CASSSGVGEQFF	0
CASSSQGTAGEQYF	0
CASSSRITGELFF	0
CASSLIAGPDTQYF	0
CASRRQGEQFF	0
CSVEERTSGSEEQYF	0
CASRVRDRLGELFF	0
CASRRGNTEAFF	0
CASSLSGAMLRREQYF	0
CASTFLSRDSDEQYF	0
CASSGGQEETQYF	0
CASRGQGALDEQYF	0
CSAETGGASYEQFF	0
CASSYGGNTIYF	0
CASSWIKTGTGYQETQYF	0
CASRQGGGPSANEKLFF	0
CSARGSSNQPQHF	0
CASRASQGATGELFF	0
CASSLRVAGGVSFYEQYF	0
CASSLNAGGQETQYF	0
CASSYSRLGGLSYNEQFF	0
CASSPPAGTNYGYTF	0
CASSYGAPDTQYF	0
CAINTRLADTQYF	0
CASSDQVYEQYF	0
CSVDLGTQETQYF	0
CASSRTSEAETQYF	0
CASSQGLAGSYEQYF	0
CASSIGGEPPREQFF	0
CASSQDAGFEQYF	0
CASSYSSAGEVQFF	0
CASSQIPGTAYNEQFF	0
CASSTRGGGDTQYF	0
CASSVDDQPQHF	0
CASGSPGANVLTF	0
CASSRRTSGVNEQFF	0
CSASTGDYHEQYF	0
CASNPTGTGGTIYF	0
CASSLWDGLGEQYF	0
CASSFLGIQTQYF	0
CASLAGRGNEKLFF	0
CASSLGLAGSGQYF	0
CASSLSGAGYEQYF	0
CASTGVTQETQYF	0
CAISGTTGTGRNEQYF	0
CSVGLGGTNEKLFF	0
CASSLRAGGNEQFF	0
CATSDGPGNNEQFF	0
CASSLLPGDGYTF	0
CSVSGGITDTQYF	0
CASSLDRMAYEQYF	0
CASSVKGDTQYF	0
CASSQEGGGGADTQYF	0
CASSASDTYEQYF	0
CASSIDWPGRQYF	0
CSALYRDRARTQETQYF	0
CSARLAGGYNEQFF	0
CASSLTGYGYTF	0
CASSRNQVLAGEGNEQFF	0
CSARRRGTTDTQYF	0
CASSSRFRDTQYF	0
CASSTGTTFGYTF	0
CASSNPPDGLGEAFF	0
CASSFTPLAGFTDTQYF	0
CASSQPTGSYEQYF	0
CASSSDGSNEQFF	0
CASSSFTDTQYF	0
CASSLGPGQNQPQHF	0
CSAMTSGRGGEQYF	0
CASSRTSGRYNEQFF	0
CASSLAGGYNEQFF	0
CASSPQGSGNQPQHF	0
CASNAYTGELFF	0
CASSPGTSGGWETQYF	0
CASSPREGSGEQYF	0
CASSQDLRTDTQYF	0
CAISPQDRDRGWDTGELFF	0
CASSLRVLVAGLHPAYEQYF	0
CASGGDIGSYNEQFF	0
CASSPQTGHTGELFF	0
CASSLQGLNSPLHF	0
CASSRQGKDEQFF	0
CASSPWDRQETQYF	0
CASSLGGTDTQYF	0
CASSRTGGRTEAFF	0
CASSLLRDTQYF	0
CASSLSGGADTQYF	0
CASSPSGTEVAGELFF	0
CSALSINIQYF	0
CSARWRRGTDTQYF	0
CASSLDFANNEQFF	0
CASSREPPTEAFF	0
CASSLVRGQGKNIQYF	0
CASRGGGAPDTQYF	0
CASSRKGTYNEQFF	0
CASRGRSYEQYF	0
CASSLQGGNTEAFF	0
CAISQGVNYGYTF	0
CASSQGPRAQYNEQFF	0
CASSLSHGEAFF	0
CASSLDRAHSPLHF	0
CASSLGGTSYEQYF	0
CASRDTGGTEAFF	0
CASSFGGGYTF	0
CASGLGPGGRGTNEQFF	0
CASSRSSGSRNEQFF	0
CASSFGGPNTEAFF	0
CATSDTRNTEAFF	0
CSAWTGGASSPLHF	0
CASSLGGTGELFF	0
CASRSPRASETQYF	0
CASSTQGTVYNEQFF	0
CASSPPRGQDTDTQYF	0
CASSPPPLAGSTDTQYF	0
CASSWRTGDHEQYF	0
CASSQAGDQPQHF	0
CASSQADRAGDTQYF	0
CASSIKETQYF	0
CASSAEAGLAKNIQYF	0
CASKPGAGGYTF	0
CASSPLDGTEAFF	0
CASSNGQGNTEAFF	0
CASSPPSGTYEQYF	0
CAREPPSGNTIYF	0
CASSYSRPGLAGGGTRGEQFF	0
CASSYGYRTDTQYF	0
CASIRAQGSNEKLFF	0
CAIRPAGQPGEQYF	0
CASSARAGTEAFF	0
CASSESGHRQPQHF	0
CASSEGRTYEQYF	0
CSASGHLNDQPQHF	0
CASSQETGAGELFF	0
CASSFRIGGSNQPQHF	0
CASSINGDTQYF	0
CSVESTNEQFF	0
CASSDSSGSTGELFF	0
CSASRTGEGGELFF	0
CASSTVRTAQETQYF	0
CASSFQGDEQYF	0
CAISESTRRGGPNEQFF	0
CASSLTDTQYF	0
CARSAGSGSNTGELFF	0
CASSREVAEAFF	0
CASSLTSGTYNEQFF	0
CATSRPNQPQHF	0
CSVDSQGATENGYTF	0
CASSQDQASYYEQYF	0
CASSSAGGPDTQYF	0
CSASTGANVLTF	0
CSAPGEGSNTQYF	0
CASSLEVNTEAFF	0
CATASSYEQYF	0
CASSLSIGAGVNTEAFF	0
CASSTGEERGYTF	0
CSASGPNTGELFF	0
CSAREVVGADTQYF	0
CASSSSGTGLNEQFF	0
CASSGNTDTQYF	0
CASSPGAGNTIYF	0
CASSSPRPLGGELFF	0
CASSLGDRRNTEAFF	0
CASSEAGQGGVEAFF	0
CASSREASSGNEQFF	0
CASSTRAGGGYNEQFF	0
CASPGSSGIGIGELFF	0
CASSSAAGAGNTEAFF	0
CASSPGQEQFF	0
CASSLNDRGQNEQYF	0
CASSDSGGRETQYF	0
CASSLPRQGAAFF	0
CASSLVSSGGLGELFF	0
CASSQQDRVGHEQYF	0
CATHRGYQETQYF	0
CASRRGSTEAFF	0
CASSVGTGGTDTQYF	0
CASSPGTSREQYF	0
CASSPLLAGGQETQYF	0
CASSLEGRGKAFF	0
CSARLRTGFYEQYF	0
CASSASGRGIPIGYGYTF	0
CSASLSGSISYEQYF	0
CATTDRGETQYF	0
CASSQETGGRQPQHF	0
CSAAPRQGRNEQFF	0
CASSARGSGANVLTF	0
CASSYTPGPRNEQYF	0
CSVEGQSETGANVLTF	0
CSAQRVSQAFF	0
CASSLDGSQADTQYF	0
CAISQGTVETQYF	0
CASSQTVRSPLHF	0
CASSLGGQGAADTF	0
CASRRGRDRDYEQYF	0
CSARGYPGNTIYF	0
CASSLARRYNEQFF	0
CAISDGPISTDTQYF	0
CASSPPGDTDTQYF	0
CASSRRGSGHYEQYF	0
CASSLGGGLYNEQFF	0
CASSLEGTGELFF	0
CASSLGQVAAGNTIYF	0
CASSYSGINEQYF	0
CASSLSAGYSYNEQFF	0
CSVEMAKATGTQYF	0
CASSPQVLGEQYF	0
CASSLGQWTGELFF	0
CASSQEWVQETQYF	0
CASSFMTGSPEQYF	0
CASSLAGGSYEQYF	0
CASSARGDSPLHF	0
CASRAPLSGQYITDTQYF	0
CASSPRLGRNYEQYF	0
CASSLGTSGKTGELFF	0
CATSREAGLETQYF	0
CAWSLTSGSPDTQYF	0
CASSLDEPTDNEQFF	0
CSVLGRHRETQYF	0
CASSEGDRDQETQYF	0
CASSSTGQGYHEQYF	0
CASSLMSGVAETQYF	0
CASSHYQTAEGYTF	0
CASSLFSGSKEAFF	0
CASSSSPFLTYQETQYF	0
CASSLGTGTSEAFF	0
CASSSGQGALDGYTF	0
CASRGGEVPSAGFHEQFF	0
CATSDPREAQNIQYF	0
CSVGWGPDTQYF	0
CASSHGDNEQFF	0
CASSPRVGTEAFF	0
CASGVSVSNEQYF	0
CASSAGQAFADTQYF	0
CATASHEQFF	0
CASSPGLAGETQYF	0
CASSFGLAGGRDEQFF	0
CASSLDRHSNQPQHF	0
CASSLSTGHIQYF	0
CASSQDPGYPTEAFF	0
CASSQTGTAYGYTF	0
CAAGLDTYNEQFF	0
CASSFQLDWINEQFF	0
CASRTSGGEQYV	0
CASSTRSDSPLHF	0
CASSLFTEAFF	0
CASSSQSMGNTEAFF	0
CASSPQGETQYF	0
CASSRRAFTEAFF	0
CASSTINQPQHF	0
CASSLGGTSIYEQYF	0
CASSFWGQGGYTF	0
CASSTPGQLREQYF	0
CSARRGGPDTDTQYF	0
CASSPEGSGYGYTF	0
CAISDGYNEQFF	0
CASSLGQGIDEQFF	0
CASSLLEGDEQYF	0
CSALLAGGPTQYF	0
CASSQAAGWSKNIQYF	0
CASSYSPTRSYEQYF	0
CASSPPPVTDTQYF	0
CSARGTSKVADTQYF	0
CATSGGREVHEQYF	0
CASSSGARVTYGYTF	0
CASSLFVGTEAFF	0
CAIIFSRVYTEAFF	0
CAISEDQGASYEQYF	0
CASMRGLAGAWYEQYF	0
CASTSSGGGNNEQFF	0
CASSEAGAIYGYTF	0
CSASVWLEDNEQFF	0
CASSLVSNSPLHF	0
CASSQGWGGGGETQYF	0
CASSYSDRAAAGELFF	0
CASSFIRGAGEQFF	0
CASSPEPGHSSYEQYF	0
CSATSGGDYEQYF	0
CASSQEAGSKNIQYF	0
CASSPTENIQYF	0
CSAGRMTGEGSPLHF	0
CASSETTGASYEQYF	0
CASSRTGTVTEAFF	0
CASSLGTGGRYGYTF	0
CASSGTGLYNEQFF	0
CASSRGTGGTDTQYF	0
CASSSETRRGTPYEQYF	0
CSARLDRNSPLHF	0
CASSRNRGSGYTF	0
CASSQGLAALYNEQFF	0
CASSWGQGAYEQYF	0
CASSLGGGTGELFF	0
CASSQREGPLSGNTIYF	0
CSARNRTQYF	0
CASSLWGGGYTF	0
CASSLSGGGGQYF	0
CASLEAGRVPSTDTQYF	0
CATSDPSGTGYNEQFF	0
CASSHSSFAVKNIQYF	0
CASSEFAQTNYGYTF	0
CASSQDWAAGELFF	0
CATSDYGQGVGELFF	0
CASSFRKLGTGGGQPQHF	0
CASSYRLSNEQFF	0
CASSYSGDTQYF	0
CASSTTPNYGYTF	0
CASSFRESGANVLTF	0
CASSVGPAGEQYF	0
CSAPDRWKSNYGYTF	0
CASSFTGGGYGYTF	0
CASSVGQGNTEAFF	0
CASSLRSGRETQYF	0
CASGPNYGYTF	0
CASSFRVSRSSYNEQYF	0
CASSLANYMETQYF	0
CASSQGKTGARLEQYF	0
CASTNNRGLGYTF	0
CASSLAIDYLGEQYF	0
CSARGAGYGYTF	0
CASSLGGEELFF	0
CASSYSNPGSGGNSETQYF	0
CSATAFASTDTQYF	0
CSASPLGESYEQYF	0
CASSSMAGEGTQYF	0
CSVVRYTEAFF	0
CATSRDRKSGYTF	0
CASSSRQGYKQYF	0
CASSLGQGSYEQYF	0
CASSLWAGETQYF	0
CSVEEVPSGSSDTQYF	0
CSSSLASLAGEKLFF	0
CATGTRETQYF	0
CSVDPSSSSGISNEQFF	0
CASSQVAAGFQYF	0
CASSLVPAMNTEAFF	0
CASSLKERGAVEQFF	0
CASSLEGLAGGPFKQYF	0
CATSRLRGGVGNQPQHF	0
CASSFDRNTEAFF	0
CASSVGTSGGLYNEQFF	0
CSARDGKNIQYF	0
CASSLLTSTDTQYF	0
CSAARDSNQPQHF	0
CSVEDEGAGPRGANYGYTF	0
CSVDYGGGNTGELFF	0
CASSRGQGMGLGPQHF	0
CASSSRLAGGGGELFF	0
CASSQDLVETQYF	0
CASSFGTHGEQYF	0
CASSNHGQDEQYF	0
CASSNQGLAGAPYRTDTQYF	0
CASSQDVRLSGGGEDTQYF	0
CASSPTTGFSNEKLFF	0
CSATTRGGTEAFF	0
CASSVDSKLFF	0
CASSQADRVMNTEAFF	0
CSVVTGGYYGYTF	0
CSAPGLAGGTDTQYF	0
CSALYPIGTEAFF	0
CASSQDLVSNQPQHF	0
CASSAEGGIYEKLFF	0
CSGMILRFSYNEQFF	0
CASTEQGGGTEAFF	0
CASSLVAWDNEQFF	0
CASRLAGGPNTDTQYF	0
CASSRSTGGTGELFF	0
CAGRGAVQETQYF	0
CASSIVQNSYNEQFF	0
CASRHSGTGYYGYTF	0
CASSFQGITTQYF	0
CASSFDPSEQFF	0
CASSPPGDTEAFF	0
CASSSRLTQYEQYF	0
CASSSRGATQPQHF	0
CASSFGGNKGAEAFF	0
CASSLGPGATDTQYF	0
CATSDPTGEPYEQYF	0
CASSVGQGISPLHF	0
CATSGPGQGLWPQHF	0
CASSPRLAGGRTSTDTQYF	0
CASSLTADTQYF	0
CASRGTLASTDTQYF	0
CASSLDGGGRIQPQHF	0
CSASGIARNTEAFF	0
CSVGHPKTEAFF	0
CASSQGYEQYF	0
CATLRDFGNTIYF	0
CASSQEASHPAYEQYF	0
CATSARDEQFF	0
CASSLPGDPYNEQFF	0
CASSLAGAGYYEQYF	0
CASSSGFGGSHEKLFF	0
CASSQGWGVDSPLHF	0
CASSSGVAGLEATDTQYF	0
CASSARVSGQETQYF	0
CASSALGATYNEQFF	0
CASSLSNTEAFF	0
CASSPNRGETQYF	0
CASTQSITGEQYF	0
CASSQVLTGVSGYTF	0
CAISTQQGQEKLFF	0
CASSVEDSRNQPQHF	0
CSAKTGIYNEQFF	0
CASSLKDSPGELFF	0
CASQHRQGKDYEQYF	0
CASSLGLRSLLGEQYF	0
CASSFLSLTGELFF	0
CASSELMVDTEAFF	0
CASSFGTSGYEQYF	0
CASSVLTSGLYNEQFF	0
CASSLGGGPQETQYF	0
CASSSPDPAVTDTQYF	0
CASSFLQDEAFF	0
CASRVLAGPYNEQFF	0
CASSQDPVYEQYF	0
CASSLGAGGLNIQYF	0
CSARAPGLGEQFF	0
CASSRGLNYEQYF	0
CASSYLGPVYGYTF	0
CATTLRGANVYGYTF	0
CAWSPTSGGQYF	0
CASSLDRRETQYF	0
CASSQLTGGTDTQYF	0
CASSLGFWPGGYEQYF	0
CASSLTRQGAVVGTDTQYF	0
CASRAIRTGANVLTF	0
CSVNQGLTEAFF	0
CSARDWKPGHEKLFF	0
CASSQGGVDGDGYTF	0
CASSPLRALASNNEQFF	0
CSVTLGRTDTQYF	0
CASSPPHGVGTTTRETQYF	0
CASSQDRNTEAFF	0
CASSTVASGNTIYF	0
CASSLGLAGGSSYNEQFF	0
CSASRAGGETQYF	0
CASSYGGQAFSEQFF	0
CASTPRTRRYNEQFF	0
CASSSRGVDNQPQHF	0
CASSLTSGVLNEQFF	0
CASSQAGANTEAFF	0
CASSSPSGAYEQYF	0
CASSLVDTQYF	0
CASSRREGGYNEQFF	0
CASSLKQGAHGYTF	0
CASSYLTSGGGNEQFF	0
CASSKPGLPQETQYF	0
CASSLGDRGLQETQYF	0
CASSQWGVEAFF	0
CASSFYEQYF	0
CAISEGRGFDTEAFF	0
CSAGDRAVEQYF	0
CSAATRTGEIYGYTF	0
CATSDTGTSVRGNEQFF	0
CASCRAGYYGYTF	0
CASSLGTTPYNEQFF	0
CSARDLSGTSGYNEQFF	0
CASSLRDGGYTF	0
CASSYPGFETYGYTF	0
CASSQLGTGGQETQYF	0
CASTPGRPVNEQFF	0
CASSESLGNQPQHF	0
CAINQGLAGGPLLTDTQYF	0
CASSYGFWAISEKLFF	0
CSANRDTPYNEQFF	0
CASSPRDREYEQYF	0
CASSLGGTGGPSTEAFF	0
CASSVDGALEAFF	0
CASSLYVLGAINQPQHF	0
CASSLDYEQYF	0
CSARGQRSYNEQFF	0
CASSLIGSGQSSYEQYF	0
CASIPGMNTEAFF	0
CATSDEFPADTQYF	0
CAISELREGGQPQHF	0
CATSRGRDGGSPLHF	0
CASSEHPGVTF	0
CASRVDVRGGTDTQYF	0
CASSLWDSYGYTF	0
CSARAQGALSNQPQHF	0
CASRIRGGASPTLEAFF	0
CASSEQSYEQYF	0
CASSFMRGDTQYF	0
CASSVGENTEAFF	0
CSVEEGERTEAFF	0
CASSTGTGGDEQFF	0
CASRSRGYTEAFF	0
CATSDRAKGGYTF	0
CASSLWQLREQYF	0
CASSSRGSYNEQFF	0
CASSPNYRGRPEAFF	0
CSARGLIRLPDTQYF	0
CSVPTGGTDTQYF	0
CSVEDGLSNTEAFF	0
CASSYKRTDKRTQYF	0
CAISAGRGSNQPQHF	0
CASSPRGGVSGANVLTF	0
CASSSGTSGRGQETQYF	0
CASSRGQETFNEKLFF	0
CASSFTSNQPQHF	0
CASSFGRGGTDTQYF	0
CSARSGNLGYTF	0
CASSLLETQYF	0
CASSPDRGRGYTF	0
CSAERTGLGYTF	0
CASSMERGPGNEQFF	0
CASSYSTGTGNTEAFF	0
CASSYSRTYEQYF	0
CASSVPRYSGANVLTF	0
CSARMGLALTLGTDTQYF	0
CASSVSTDSGANVLTF	0
CASSELGLQDIPFF	0
CASSFHRGHGQPQHF	0
CSARGTREQFF	0
CATSKFGGETQYF	0
CSVDPFNYGYTF	0
CASSLTETQYF	0
CASSLAVRQETQYF	0
CASSRRTGPIAEQYF	0
CASSPHRVYGYTF	0
CASSFYGNSYEQYF	0
CSASPTSGAYEQYF	0
CSARRGTDEQYF	0
CASSLAAPRDRASNEQFF	0
CASSYLGSTEAFF	0
CSGRKGGNTEAFF	0
CASRARVGVTEAFF	0
CAISESAGRNTGELFF	0
CASSRGRNSEQFF	0
CASSQVTGGSGYTF	0
CATSDSDSSYEQYF	0
CASSKLADRDPTDTQYF	0
CSARWVPRQGADTQYF	0
CASSLTGTDWSNYGYTF	0
CASSSQGTGLAKNIQYF	0
CASSGNPGEQYF	0
CASTLTVNTEAFF	0
CSAPPGSGSTDTQYF	0
CASSMKAGGSYNEQFF	0
CATGTFRGGYGYTF	0
CASSLTRYEQYF	0
CASSQVTANTEAFF	0
CASRTATGGSNQPQHF	0
CSARDGVWRGDNEQFF	0
CASSLGALSSYNSPLHF	0
CASRLGRTQETQYF	0
CASSPRRDYGYTF	0
CASSPTIGGDQPQHF	0
CASSEGQGGETQYF	0
CASSLRALGQGATDTQYF	0
CASKLGQINTEAFF	0
CATSRHNNTYEQYF	0
CSARDDGLLAGAYEQYF	0
CASSLVSGELFF	0
CASSQLAGWGETQYF	0
CASSNTGELFF	0
CSATRGAGSNEQFF	0
CSAREGGADTEAFF	0
CASSLGASDRRGGYTF	0
CASIGTGRDYEQYF	0
CASSRTGWGGQPQHF	0
CASSEMSVRVPTDTQYF	0
CASSSSTSGAYNEQFF	0
CASRGNGAGGLQETQYF	0
CASSLAVTGGIGEQFF	0
CASRRGPTDTQYF	0
CASSYSQGGEKLFF	0
CSALQGVGQETQYF	0
CASSGTAGLAKNIQYF	0
CASSSRDRAEAFF	0
CASSLTGTGTYEQYF	0
CASSFGTSSRTVLTF	0
CASSEGGGAVSSYNEQFF	0
CASSWRQGPDTQYF	0
CASSYNPDNYNEQFF	0
CSAPMDRGGNEQFF	0
CASSLIAGGGRNEQFF	0
CSVEDRGSSYEQYF	0
CASSSTSGGARDTQYF	0
CASSLEQQNTEAFF	0
CASSPSAGSGTQYF	0
CASSLAGAGGRETQYF	0
CAIRGDSNQPQHF	0
CASSLEGYGYTF	0
CASRTTGQSTDTQYF	0
CSVCYQGLNEQFF	0
CSGSEGSGYTF	0
CASSQGDRRTDTQYF	0
CASSQGGEVLPEAFF	0
CASSLPGGTSGANVLTF	0
CASRSQGANTGELFF	0
CSARDRGLHSRDNEQFF	0
CASSAQGLNTEAFF	0
CASSQQGQDEQYF	0
CASRDPGQGSGELFF	0
CASSDRETQYF	0
CASSLAHPEAFF	0
CASSSTGAHTDTQYF	0
CASSLGQGANEQFF	0
CASAERNTEAFF	0
CASSEQGTEVNSPLHF	0
CASSLVKGQPQHF	0
CASSLNEQFF	0
CASSFGDRALFF	0
CASQYRGPYEQYF	0
CSAGRLAVTDTQYF	0
CASSLAGTSGLPYEQYF	0
CASSREEMNTEAFF	0
CASSQQENYGYTF	0
CASSPGTSGYEQYF	0
CSASSGYSNQPQHF	0
CASSLGGNTEAFF	0
CASSQGVRLAENNEQFF	0
CASRTGTYYSYEQYF	0
CSVGTGLAQHF	0
CSARDIGTSSYNEQFF	0
CASSRQREQETQYF	0
CSVPTGGAGEQYF	0
CASSGGLNTEAFF	0
