CAGGTDYEQYF,CATGYEQYF
CAMREGRRDDKIIF,CAMREVYGQNFVF
CANCRWAPAPYEQYF,CAGRGAVQETQYF
CASAGTSGYEQYF,CASSYLTSGGGNEQFF
CASEPSGMTYNEQFF,CASSALGATYNEQFF
CASKGDRGFGNQPQHF,CATSRLRGGVGNQPQHF,CASSFHRGHGQPQHF
CASREGSYNEQFF
CASRIGAAGNSPLHF,CASSLVTADNSPLHF
CASRLAGGSDEQFF,CASSLGLAGGSSYNEQFF
CASRPGSRETDTQYF
CASRQASEQYF,CASRAPLSGQYITDTQYF,CASRTTGQSTDTQYF
CASRTSGGPADTQYF,CASSYRGAADTQYF,CASRGGGAPDTQYF
CASRVGGAGNNEQFF,CASTVAGAHNEQFF,CASRVLAGPYNEQFF
CASSARGLAGETNTDTQYF
CASSASGTGGEQYF,CASSQSLTSGKTQYF
CASSAVGTGWHEQYF,CASSVLTSGLYNEQFF
CASSDESWGEDEQFF,CASSFQLDWINEQFF
CASSDGDEENIQYF,CASSLNDRGQNEQYF
CASSEARQGDQPQHF,CASSLGRQGNSPLHF,CASSVGQGISPLHF
CASSEGLLYEQYF
CASSELGGPNTEAFF,CASSEIGAPLMNTEAFF
CASSEVGKGNQPQHF,CASSLVKGQPQHF
CASSFALGGHGYTF,CASSFTGGGYGYTF
CASSFDAGMNTEAFF,CAIRTDSKMNTEAFF,CASSFGGNKGAEAFF,CASIPGMNTEAFF
CASSFGSSTQYF,CSARDVSLAGGPDEQYF
CASSFLAASFYEQYF,CASTFLSRDSDEQYF
CASSFREAYEQYF,CASSFGTHGEQYF
CASSFYGETQYF,CASSYSGDTQYF
CASSGGLAGTYEQYF,CASSLTGTGTYEQYF
CASSGGVQGEQFF,CASSPGQEQFF
CASSHRDRATEAFF,CASRRQASNTEAFF,CASSAQGLNTEAFF
CASSIQGGREAFF,CASSLEGRGKAFF,CASSFIRGAGEQFF
CASSKQGSSYNEQFF,CASSSRGSYNEQFF
CASSKTSASYEQYF,CASSLAANPYEQYF
CASSLAGPGLSTEAFF
CASSLAPGLGTEAFF,CASSVDGGGTEAFF
CASSLAQGMGPGNTIYF,CASSLGQVAAGNTIYF
CASSLASSSQAYEQYF,CASSLDGSQADTQYF
CASSLAVRNNEQFF,CASSPHRERNEQFF
CASSLDYRGVGYGYTF,CSANAKGVRGNYGYTF
CASSLEGDQPQHF,CASSEGGGAVSSYNEQFF
CASSLEGQASSYEQYF,CASRLYPTGSSYEQYF,CASSTVASGNTIYF
CASSLEGRNTEAFF
CASSLGGANVLTF,CASGSPGANVLTF
CASSLGGQGAGETQYF
CASSLGMFDQPQHF,CASSVDDQPQHF
CASSLGQGNTEAFF,CASSLEQQNTEAFF
CASSLGQNRPQHF,CASSNRGNQPQHF,CASSFTSNQPQHF
CASSLGRETQYF,CASSSPPETQYF
CASSLGRGTGELFF,CASSRSTGGTGELFF
CASSLISQDTEAFF,CASSLVSGANTGELFF,CASSQDRNTEAFF,CASSQVTANTEAFF
CASSLKAPEAFF,CASSRKGTYNEQFF
CASSLLAGLVFDEQFF,CASSGTGLYNEQFF
CASSLLGSGETQYF
CASSLNDRGLTGNEQFF
CASSLNRVAAVYEQYF
CASSLQGPNQPQHF,CASSKTARDQPQHF
CASSLRKRSTGELFF
CASSLRQGADEKLFF,CASSLDGGGRIQPQHF
CASSLSDPYEQYF,CASSFMTGSPEQYF,CASSLLEGDEQYF
CASSLSEQGRGYTF,CSGSEGSGYTF
CASSLSGSTDTQYF,CASSVGGLGSTDTQYF
CASSLSRPDTQYF
CASSLSTQPLGDEQFF
CASSLTGTGEKLFF,CASRDTGTNEKLFF,CASSAGLGEKLFF
CASSLVAGTGSVSYEQYF
CASSLVSGDTQYF,CASSINGDTQYF
CASSLWTTGGNQPQHF
CASSLYTGGRETQYF
CASSPAGPGMNTEAFF,CASSQADRVMNTEAFF
CASSPARAERGRELFF,CASSPSGTEVAGELFF
CASSPDRRLRTEAFF,CASSPNYRGRPEAFF
CASSPDSPYEQYF,CASSPDTYYGYTF
CASSPFSGPSYEQYF,CSAVVVQKPSYEQYF
CASSPGISGYEQYF,CASSLRSGLQNYGYTF
CASSPGLANTDTQYF,CASSQGLANTDTQYF,CSVTLGRTDTQYF
CASSPKDRDPLGYGYTF,CASSPPAGTNYGYTF,CASSEFAQTNYGYTF,CASSLTGTDWSNYGYTF
CASSPLLTTSAPDTQYF
CASSPPSGPVRNEQFF,CASSPPSGPVRNEQYF
CASSPPSGSAYNEQFF,CATSDPSGTGYNEQFF
CASSPRQGAGETQYF,CASSSRQGYKQYF
CASSPRTSGLTDTQYF
CASSPWGGEQYF,CASSPREGSGEQYF
CASSPWGGKETQYF,CASSVMGAGDTQYF
CASSQAGGAGRNTGELFF,CARSAGSGSNTGELFF
CASSQDIVGTGKGYTF
CASSQDPIQGTDTQYF
CASSQDRGGVNYEQYF,CASRKERGSAYEHYF
CASSQEAESSYEQYF,CASSPEPGHSSYEQYF
CASSQEGAGPFYEQYF
CASSQGAGQAYEQYF,CASSLAAAAYEQYF,CASSTATSGAYEQYF
CASSQGGQHRSNEKLFF,CASSRGQETFNEKLFF
CASSQGLGSYEQYF,CASSLGGTSYEQYF
CASSQGPAGGSALHF,CASSSRLAGGGGELFF
CASSQSGTSTDTQYF
CASSQSPGGIQYF,CASSYGGQAFSEQFF
CASSQTSGTGREQFF,CASSLTSGVLNEQFF
CASSQVDFRADRSSYNEQFF,CASSLSSDAFTYEQYF,CASSLAAPRDRASNEQFF
CASSQVGGDEQFF,CASSLVSSGGLGELFF
CASSQVLTGLDEQFF
CASSQWAGANNEQFF
CASSRDSTGELFF,CSASGPNTGELFF
CASSRTTGLDGYTF
CASSRTVYEQYF,CASRTGTYYSYEQYF
CASSSDPVAVTNQPQHF,CASSQDLVSNQPQHF
CASSSEEEAYGYTF,CASSSGARVTYGYTF
CASSSERTDGASGANVLTF,CASSVSTDSGANVLTF
CASSSGDTYYEQYF,CASSASDTYEQYF
CASSSGQEKLFF,CASSLGGEELFF
CASSSKPYEQYF,CASSSSYEQYF
CASSSLADQETQYF,CASSQGADQETQYF,CASSRQREQETQYF
CASSSLSGYNEQFF,CASSSSGTGLNEQFF
CASSSPWGDATEAFF,CASSQDWAAGELFF
CASSSTASRNTGELFF,CASSSSTSGAYNEQFF
CASSSVNEQFF
CASSTLPNMNTEAFF,CASSLVPAMNTEAFF
CASSTTSGNTGELFF,CASSWETSGNTGELFF
CASSTWTAPQETQYF,CASSKPGLPQETQYF
CASSVALGVDGTDTQYF
CASSVDGSGVTYEQYF,CASSQDAGFEQYF
CASSVDRQPGNTIYF,CASSPPSPAAFSGNTIYF,CATSREGGPSGNTIYF,CASSPGAGNTIYF
CASSVEQGISEAFF
CASSVGGSNQPQHF,CASSESLGNQPQHF
CASSVGVSYEQYF,CASSVGSYEQYF
CASSVRDNQETQYF,CASTGVTQETQYF,CSALYRDRARTQETQYF
CASSVVSGTSGRGNEQFF
CASSWGRIYGYTF
CASSWSGRAYEQYF,CASSWGQGAYEQYF
CASSYATGSGANVLTF
CASSYATGSQNIQYF,CSARARDATKNIQYF
CASSYGGGTYEQYF,CASSTTVLSYEQYF
CASSYGQALLADEQFF,CASSYGFWAISEKLFF
CASSYLRAGDNEQFF
CASSYPEPSIQYF
CASSYSDSNYEQYF,CASSHRDRNYEQYF
CASSYSFLVIGDNTEAFF,CASQHRQGKDYEQYF
CASSYSIGVVSEQYF,CASSPQVLGEQYF
CASSYSSALSNQPQHF,CASSQQTGNNQPQHF
CASSYSWPPETYEQYF,CASSQEASHPAYEQYF
CASTGGDTSYNEQFF,CASSTQGTVYNEQFF,CASSLGTTPYNEQFF
CASTQAGMNTEAFF
CATAARETQETQYF,CATTDRGETQYF,CATGTRETQYF
CATSETGDPYGYTF,CATSDPTGEPYEQYF
CATSPDRGGADEKLFF,CASRQGGGPSANEKLFF
CATSRDRWNTEAFF
CATSRGDEVGEQYF
CATSRTSGEEQYF,CASRTSGTETQYF
CATSRVAGEEQFF
CATSYTGSANYGYTF,CAITDYHAANYGYTF,CAFKPPGHTNYGYTF,CATTLRGANVYGYTF
CAWRDRVYDEKLFF
CAWSGPAGLLQYF,CAWSLTSGRGHEQFF,CAWSLTSGSPDTQYF,CAWSPTSGGQYF
CAWSSGAGRDEQFF
CISVPAAGLVGGARDTQYF,CAIGGLAGAGDTQYF
CSAPRYNEQFF
CSARDDGTVDYGYTF,CSAPDRWKSNYGYTF
CSARDFIGGNEQFF
CSARDRDRGYEQYF
CSARLADNEQFF,CASSYRLSNEQFF,CASSQGVRLAENNEQFF
CSARNYLKTNEQFF,CVTSTRQGNEKLFF
CSATSGGTLEQYF,CSASLSGSISYEQYF
CSVEDGGFPYEQYF,CSVDGTPGYEQYF
CSVEDRVGGTAGYEQYF,CASSQQDRVGHEQYF
CSVEDTGTAQGGYEQYF
CSVEVEGAASYEQYF
CSVEVWDEETQYF
CSVPGAGRYNEQFF,CSARLAGGYNEQFF
CSVSGLAGGYEQYF
CASSLVSSGGTETQYF
CASSTPNTEAFF,CASSLSNTEAFF,CASAERNTEAFF
CASSSGRDGTEAFF,CASSLFSGSKEAFF
CASSRGTGEANTQYF
CASSRTYEQYF
CASSPRTGADTQYF,CASSLSGGADTQYF
CASSVLPGQGANSYEQYF
CASSLATGSSSYNEQFF,CASSFRVSRSSYNEQYF
CASSQAGETQYF,CASSPQGETQYF,CSASRAGGETQYF
CASSPDLNSPLHF,CASSLDRAHSPLHF,CASSLVSNSPLHF
CASSRQVQETQYF,CASSAGQAFADTQYF
CASSLVPGQSYEQYF
CASSLVLPAGELFF
CASSYSGLRAYSPLHF,CASSYSRLLRHTEAFF
CSVAQETQYF,CASSTVRTAQETQYF
CASSPLWGGSNQPQHF,CASRTATGGSNQPQHF
CASSFASGDRKTQYF
CASSIRAPPDTQYF,CASSLIAGPDTQYF
CASRHYGTGEGYTF,CASSHYQTAEGYTF
CASSQDRGYNEQFF,CASSLVSGELFF
CASSLRGTLHF,CASSPGTTEAFF
CASSDVHLNGYTF,CASRDVNEDTQYF
CASSPLGLAGVETQYF
CASSQDNVANVLTF,CASSQGPGANVLTF
CSARAGVNTGELFF,CSASVVEGAGELFF
CASSIGATEAFF,CASSISGTEAFF
CASSLRQGDSEQFF,CASSLNSERDQYNEQFF,CASSLSAGYSYNEQFF
CASVPGQQLTGELFF,CASRVRDRLGELFF,CASRASQGATGELFF
CASSRGSEQFF
CSVVSSYEQYF
CASSFRGVPRTDTQYF,CASLEAGRVPSTDTQYF
CASSLGEGANEKLFF,CASSLGGQGAADTF
CASSLTPSGNEQFF
CATSDSSPGGGFNEQFF
CASSLPGPQVSLYF,CASSPSAGSGTQYF
CASSYGYEQYF,CASSFYEQYF
CATSRVLETQYF
CASMKATYEQYF,CATASSYEQYF
CASSDQRETEQYF,CASSPRDREYEQYF
CASSLDGLRRGHLDNEQFF,CASSQGLAALYNEQFF
CATRLADGELFF,CAISPQDRDRGWDTGELFF
CASSYLSSYNSPLHF,CAISDDSSYNSPLHF,CASSLGALSSYNSPLHF
CSASLAEYSNQPQHF,CSASSGYSNQPQHF
CASRKAGGGYEQYF,CASSETTGASYEQYF
CASSEPGSYEQYF,CASSPPSGTYEQYF,CASSSPSGAYEQYF
CSARDQVREAMNTEAFF,CSVEEGERTEAFF
CASSEGTGGGETQYF
CASSVGQGERGYTF,CASSTGTTFGYTF,CASSTGEERGYTF
CASSLAPPTRYEQYF
CASGHNQPQHF
CASSRVKSGANVLTF,CASSARGSGANVLTF,CASSFRESGANVLTF,CASRAIRTGANVLTF
CASSLGLANTGELFF,CASSQNSNTGELFF,CASSLLNPGTGELFF
CSVGQGYEQYF
CSAHLTGYEQYF,CSASTGDYHEQYF
CVTIQELASLWLNEKLFF,CASRSQGWNEKLFF
CASSPRVGTEAFF,CASSVRGREQFF,CASSARAGTEAFF
CASRSAGAAQETQYF,CASSLAGAGYYEQYF
CASSLALSVAGGSNEQFF,CASRRALAGSDNEQFF,CASSFGLAGGRDEQFF
CASSLTGGGNQPQHF
CASSLEAGGLVYEQYF,CASKLTGQGHYGYTF
CASSLVAENQPQHF,CASSLYVLGAINQPQHF
CASSQDRGGTDTQYF
CSAARGGDYNEQFF,CSAREGGADTEAFF
CASSPSPGGANVLTF,CSVEGQSETGANVLTF
CASKGRARYEQYF,CSAPNRGTSYEQYF
CASSYGQGVSYEQYF
CASSYGIAGADLTEAFF
CASRDRANQPQHF,CASSTRSDSPLHF
CSARDIRGNQPQHF
CASSLMRVIGYEQYF,CASSLGQGIDEQFF,CASSLIGSGQSSYEQYF
CASRSGTGVGEQFF,CASSSGVGEQFF
CASSTGYGYTF,CASSSYQGGYTF
CASSLNQAGNQETQYF,CASSLNAGGQETQYF
CAISDMDSSYEQYF,CATSDSDSSYEQYF
CATSRVGERNEQFF
CASINQGLATNEQFF
CASSFGLAYNSPLHF,CASSLQGRNSPLHF,CASSLQGLNSPLHF
CSARRQEGAIGYTF,CASRPRASYGYTF
CASSQVAGVYIQYF,CASSQDPVYEQYF
CASSLAGFLVLAEYNEQFF
CSARARWTSGGGIQYF
CASSLTPLDEQFF
CASSLSTGKYNEQFF
CASSDGQGKATQYF,CASSSTGQGYHEQYF
CAISESTGHEQYF,CASSLSTGHIQYF
CSVGGNTEAFF,CSVVRYTEAFF
CASSPPGVNEQFF,CASSLPGDPYNEQFF
CASSIGQIHYEQYF,CASSSIYEQYF,CASSIKETQYF
CASSDGAAGTQYF,CASSQVAAGFQYF
CSARDDRGGETQYF,CASSQADRAGDTQYF,CSAAPRQGRNEQFF
CASSYGEDTEAFF
CASSPGGGQAISYNEQFF
CSASQTRGAQYF
CASSHGQASNQPQHF
CSATRPDLTTSPLHF,CASSQTVRSPLHF
CASRDRGFGSPLHF,CASSYREVVSPLHF,CASSARGDSPLHF
CSVGSDRAYEQYF,CSVGLAGPPYEQYF
CASTLDQGTGELFF,CASSLKDSPGELFF
CASSTGSTQYF,CASSKGTGAGETQYF
CASSLGSTGNYEQYF,CASSLGGTSIYEQYF
CASSPLVRRPFQYF,CASSPITVRSTQYF
CASSPGPDRYDTYEQYF,CASSSETRRGTPYEQYF
CASSLVGADTQYF
CSGEQGKETQYF,CSVEERTSGSEEQYF
CASSSRLTGTYNEQFF,CASSLLPGDGYTF
CASSQSSGTGETQYF,CASSWIKTGTGYQETQYF
CASSYRGTRHGYTF,CASSRNRGSGYTF,CASTNNRGLGYTF
CASSFPSRGQTQYF
CASSRRGSSYNEQFF
CASSWGLAGVNEQFF
CASGQLKANYGYTF
CASSSLYEQYF,CASSSRLTQYEQYF
CASSLDLGQGAGETQYF
CASSLGGAGANVLTF,CASSLGLAGGAGANVLTF,CSASTGANVLTF
CASSLDVGANVLTF
CASSFGTGGNQPQHF,CASSFRKLGTGGGQPQHF
CASSLGTGTNEQFF,CASSLGTGTSEAFF
CASSGIEGSSYNSPLHF,CASSFRIGGSNQPQHF
CASSLGGGDTQYF,CASSLSGGGGQYF
CASGPASGGDTDTQYF,CASSPPGDTDTQYF
CATSDGRRTLTDTQYF,CATSRHNNTYEQYF
CASSYEGTATNEKLFF,CASSPTTGFSNEKLFF
CAIRGGIGSYNEQFF,CAISDGPISTDTQYF
CASSGQRNTEAFF,CATSDTRNTEAFF,CASSLGDRRNTEAFF,CASSFDRNTEAFF,CSASGIARNTEAFF
CSARRLGNTEAFF,CSVGLGGTNEKLFF
CASSPGLARQTQYF,CASSPGLAGETQYF
CASRIYEQYF,CASRGRSYEQYF
CSARVVRGTPGETQYF,CASSPPHGVGTTTRETQYF
CASSIRGQLYGYTF
CSASFGFGTSGFQETQYF,CSALQGVGQETQYF
CASSQQPQETQYF
CAISGGWRDTEAFF,CAIIFSRVYTEAFF,CAISEGRGFDTEAFF
CASSPHGTAGAYEQYF
CSATSGMSSYNEQFF,CASGGDIGSYNEQFF
CASHLGSWTGGDNEQFF,CAAGLDTYNEQFF,CASSYNPDNYNEQFF
CASSLGQGANPNEKLFF,CASSSQSMGNTEAFF
CASSQLVKETQYF
CSAREIYGYTF,CSVDPFNYGYTF
CSVETVGNTIYF,CSVETGVGNTIYF,CSARGYPGNTIYF
CSVDPGLAGGPDEQFF,CASTPGRPVNEQFF
CASSPRGSAGALEQFF,CSVETSGGAIYNEQFF
CASSLGAGAGYGYTF,CASSLAGAGGRETQYF
CASSFGPGKDEQFF,CASSFQGDEQYF
CASSSLSTSGAGNEQFF
CASTLSGGSADTQYF,CASSSTSGGARDTQYF
CASSLAPGQGYEQYF
CASREGQVFDYGYTF
CASSERQVFGRRYEQYF,CASRGGEVPSAGFHEQFF
CASSLLSGRGADTQYF,CASRLAGGPNTDTQYF
CAIRPDGYEQYF,CAISQGVNYGYTF,CAISEDQGASYEQYF
CASGRGWRTEAFF
CASSYSTSGQYYGYTF,CASSYSSAGEVQFF
CASSQTGRLQPQHF,CASSESGHRQPQHF
CASSLTGATDTQYF,CASSTRGGGDTQYF
CASSFPGAIGTDTQYF,CASRVDVRGGTDTQYF
CASSDPGSGRNYNEQFF,CAISESAGRNTGELFF
CAISEGLGNTDTQYF,CAIPSGSRNTGELFF
CSARDLAGGDNSPLHF,CSAWTGGASSPLHF
CSANTPETSYEQYF,CSASPLGESYEQYF
CASFTGTGNYEQYF,CSARLRTGFYEQYF
CASSRKPGRVSGANVLTF
CASSLTRVSPETQYF
CASSYQGMGTEAFF
CASSLGQGRETQYF,CASSEGQGGETQYF
CAISGGTGGQRTPREQYF,CAISGTTGTGRNEQYF
CASSSTSGVGFF,CSASRTGEGGELFF,CSAGRMTGEGSPLHF
CASSWLRRYVQYF,CASTPRTRRYNEQFF
CASSIQAFGYGYTF,CASSQTGTAYGYTF,CASSLKQGAHGYTF
CASSQDLAGVTDTQYF
CASSEALQALVGQFF
CASSGAGSSYNEQFF
CASSPGLSYQETQYF,CASSLGGGPQETQYF
CASSSRDRVHEQYF
CASSYPRPAPTFF,CASSYSDRAAAGELFF
CASRADREYYGYTF,CASCRAGYYGYTF
CASSRTGGTEAFF,CASSYLGSTEAFF
CASSLVPDLAGRNEQFF
CASSSGTGAYNEQFF
CATTSLPTEAFF
CASSLAGGVNEQFF,CASSLIAGGGRNEQFF
CASSLNIGGSTGELFF,CASSSGFGGSHEKLFF
CASSPLARGLSPLHF
CASRAVREGRNEQFF,CASSNPPDGLGEAFF
CATSGTSGRTDTQYF,CSAPPGSGSTDTQYF
CASSEVFSASSYEQYF
CASRGQGGSSEQYF,CASRSPRASETQYF
CASSTGQGEQFF,CASSTGTGGDEQFF
CASSRREGDTQYF,CASSSRFRDTQYF
CASSLGLNTEAFF,CASSGGLNTEAFF
CASSLGETQYF
CASSTLAGGYNEQFF
CATSRDYLGGSNQPQHF
CASSPSDTQYF
CASSPSGGQETQYF,CASSDSGGRETQYF
CASSSQGTAGEQYF,CASSLGQGSYEQYF
CASSSRITGELFF,CASSLKERGAVEQFF
CASRRQGEQFF,CASRRGNTEAFF,CASRRGSTEAFF
CASSLSGAMLRREQYF,CASSRGQGMGLGPQHF,CASSLGLRSLLGEQYF
CASSGGQEETQYF
CASRGQGALDEQYF,CSVEEVPSGSSDTQYF
CSAETGGASYEQFF,CSAPGLAGGTDTQYF
CASSYGGNTIYF,CASNPTGTGGTIYF
CSARGSSNQPQHF,CSAARDSNQPQHF
CASSLRVAGGVSFYEQYF
CASSYSRLGGLSYNEQFF
CASSYGAPDTQYF,CASSYGYRTDTQYF
CAINTRLADTQYF,CAINQGLAGGPLLTDTQYF
CASSDQVYEQYF
CSVDLGTQETQYF,CAISQGTVETQYF
CASSRTSEAETQYF
CASSQGLAGSYEQYF
CASSIGGEPPREQFF,CASSAEGGIYEKLFF
CASSQIPGTAYNEQFF
CASSRRTSGVNEQFF,CASSRTSGRYNEQFF
CASSLWDGLGEQYF,CASSLWAGETQYF
CASSFLGIQTQYF,CASSRQGKDEQFF,CASSFQGITTQYF
CASLAGRGNEKLFF
CASSLGLAGSGQYF
CASSLSGAGYEQYF
CASSLRAGGNEQFF
CATSDGPGNNEQFF,CASSLDFANNEQFF
CSVSGGITDTQYF
CASSLDRMAYEQYF,CSASPTSGAYEQYF
CASSVKGDTQYF,CASSLTADTQYF
CASSQEGGGGADTQYF
CASSIDWPGRQYF,CASSQDPGYPTEAFF,CASSVDGALEAFF
CASSLTGYGYTF,CASSLEGYGYTF
CASSRNQVLAGEGNEQFF
CSARRRGTTDTQYF
CASSFTPLAGFTDTQYF,CASRRGPTDTQYF
CASSQPTGSYEQYF,CSAGDRAVEQYF
CASSSDGSNEQFF,CASSFDPSEQFF
CASSSFTDTQYF,CASSGNTDTQYF
CASSLGPGQNQPQHF
CSAMTSGRGGEQYF,CASRTSGGEQYV
CASSLAGGYNEQFF,CASSELGLQDIPFF
CASSPQGSGNQPQHF
CASNAYTGELFF
CASSPGTSGGWETQYF,CASSQGWGGGGETQYF
CASSQDLRTDTQYF,CASSSPDPAVTDTQYF
CASSLRVLVAGLHPAYEQYF
CASSPQTGHTGELFF,CASSLGQWTGELFF
CASSPWDRQETQYF
CASSLGGTDTQYF
CASSRTGGRTEAFF,CASSRTGTVTEAFF
CASSLLRDTQYF
CSALSINIQYF,CSARDGKNIQYF
CSARWRRGTDTQYF,CASSQGDRRTDTQYF
CASSREPPTEAFF,CASSPPGDTEAFF
CASSLVRGQGKNIQYF,CASSSQGTGLAKNIQYF
CASSLQGGNTEAFF
CASSQGPRAQYNEQFF
CASSLSHGEAFF
CASRDTGGTEAFF,CASSFGDRALFF
CASSFGGGYTF,CASSFWGQGGYTF,CASSLWGGGYTF
CASGLGPGGRGTNEQFF
CASSRSSGSRNEQFF,CSVDPSSSSGISNEQFF
CASSFGGPNTEAFF
CASSLGGTGELFF
CASSPPRGQDTDTQYF
CASSPPPLAGSTDTQYF
CASSWRTGDHEQYF,CASSPGTSGYEQYF
CASSQAGDQPQHF
CASSAEAGLAKNIQYF,CASSGTAGLAKNIQYF
CASKPGAGGYTF
CASSPLDGTEAFF
CASSNGQGNTEAFF
CAREPPSGNTIYF,CATLRDFGNTIYF
CASSYSRPGLAGGGTRGEQFF
CASIRAQGSNEKLFF,CAISTQQGQEKLFF,CASSYSQGGEKLFF
CAIRPAGQPGEQYF,CASSTPGQLREQYF
CASSEGRTYEQYF,CATSGGREVHEQYF
CSASGHLNDQPQHF
CASSQETGAGELFF,CASSDSSGSTGELFF
CSVESTNEQFF,CSVCYQGLNEQFF
CAISESTRRGGPNEQFF,CASSQLAGWGETQYF
CASSLTDTQYF
CASSREVAEAFF,CASSEAGQGGVEAFF
CASSLTSGTYNEQFF
CATSRPNQPQHF,CASSTINQPQHF
CSVDSQGATENGYTF
CASSQDQASYYEQYF,CASSQQGQDEQYF
CASSSAGGPDTQYF,CASSPPPVTDTQYF
CSAPGEGSNTQYF,CSAQRVSQAFF,CSARNRTQYF
CASSLEVNTEAFF,CASTLTVNTEAFF
CASSLSIGAGVNTEAFF,CASKLGQINTEAFF
CSAREVVGADTQYF,CSARDDGLLAGAYEQYF
CASSSPRPLGGELFF,CSSSLASLAGEKLFF,CASSFLSLTGELFF
CASSREASSGNEQFF
CASSTRAGGGYNEQFF,CASSMKAGGSYNEQFF
CASPGSSGIGIGELFF,CSGMILRFSYNEQFF
CASSSAAGAGNTEAFF
CASSLPRQGAAFF,CASSQGGEVLPEAFF
CATHRGYQETQYF
CASSVGTGGTDTQYF
CASSPGTSREQYF,CASSQGKTGARLEQYF
CASSPLLAGGQETQYF
CASSASGRGIPIGYGYTF,CASSEAGAIYGYTF
CASSQETGGRQPQHF,CASSPTIGGDQPQHF
CASSYTPGPRNEQYF
CASRRGRDRDYEQYF,CASSRRGSGHYEQYF
CASSLARRYNEQFF
CASSLGGGLYNEQFF
CASSLEGTGELFF
CASSYSGINEQYF
CSVEMAKATGTQYF
CASSQEWVQETQYF
CASSLAGGSYEQYF,CASSFYGNSYEQYF
CASSPRLGRNYEQYF
CASSLGTSGKTGELFF
CATSREAGLETQYF
CASSLDEPTDNEQFF
CSVLGRHRETQYF
CASSEGDRDQETQYF
CASSLMSGVAETQYF,CASSLRSGRETQYF,CASSSMAGEGTQYF
CASSSSPFLTYQETQYF
CASSSGQGALDGYTF,CASSFGTSSRTVLTF
CATSDPREAQNIQYF,CATSKFGGETQYF
CSVGWGPDTQYF
CASSHGDNEQFF,CATASHEQFF
CASGVSVSNEQYF,CASSGNPGEQYF
CASSLDRHSNQPQHF
CASSLFTEAFF
CASSRRAFTEAFF
CSARRGGPDTDTQYF
CASSPEGSGYGYTF,CASSEHPGVTF
CAISDGYNEQFF,CATSARDEQFF
CSALLAGGPTQYF,CSVPTGGTDTQYF,CSVPTGGAGEQYF
CASSQAAGWSKNIQYF,CASSQEAGSKNIQYF,CASSHSSFAVKNIQYF
CASSYSPTRSYEQYF,CASSYSRTYEQYF
CSARGTSKVADTQYF,CSATAFASTDTQYF,CSAGRLAVTDTQYF
CASSLFVGTEAFF,CASSQWGVEAFF
CASMRGLAGAWYEQYF,CASSRGLNYEQYF
CASTSSGGGNNEQFF,CASSLNEQFF
CSASVWLEDNEQFF,CSATRGAGSNEQFF
CSATSGGDYEQYF
CASSPTENIQYF
CASSLGTGGRYGYTF,CASSLGASDRRGGYTF
CASSRGTGGTDTQYF
CSARLDRNSPLHF
CASSLGGGTGELFF,CSVDYGGGNTGELFF
CASSQREGPLSGNTIYF
CATSDYGQGVGELFF,CASRDPGQGSGELFF
CASSTTPNYGYTF,CASSQQENYGYTF
CASSVGPAGEQYF
CASSVGQGNTEAFF
CASGPNYGYTF
CASSLANYMETQYF
CASSLAIDYLGEQYF,CASSLWQLREQYF
CSARGAGYGYTF,CSARSGNLGYTF,CSAERTGLGYTF
CASSYSNPGSGGNSETQYF
CATSRDRKSGYTF,CASSPDRGRGYTF
CASSLEGLAGGPFKQYF,CASRIRGGASPTLEAFF
CASSVGTSGGLYNEQFF
CASSLLTSTDTQYF
CSVEDEGAGPRGANYGYTF,CSAATRTGEIYGYTF
CASSQDLVETQYF
CASSNHGQDEQYF
CASSNQGLAGAPYRTDTQYF
CASSQDVRLSGGGEDTQYF
CSATTRGGTEAFF,CSVGTGLAQHF
CASSVDSKLFF,CASSNTGELFF
CSVVTGGYYGYTF,CSVEDRGSSYEQYF
CSALYPIGTEAFF
CASTEQGGGTEAFF,CASSLGGTGGPSTEAFF
CASSLVAWDNEQFF
CASSIVQNSYNEQFF
CASRHSGTGYYGYTF
CASSSRGATQPQHF,CASSSRGVDNQPQHF
CASSLGPGATDTQYF
CATSGPGQGLWPQHF
CASSPRLAGGRTSTDTQYF
CASRGTLASTDTQYF
CSVGHPKTEAFF
CASSQGYEQYF
CASSQGWGVDSPLHF,CATSRGRDGGSPLHF
CASSSGVAGLEATDTQYF,CSARRGTDEQYF
CASSARVSGQETQYF,CASSSGTSGRGQETQYF
CASSPNRGETQYF
CASTQSITGEQYF
CASSQVLTGVSGYTF,CASSLWDSYGYTF
CASSVEDSRNQPQHF
CSAKTGIYNEQFF
CASSELMVDTEAFF,CASSREEMNTEAFF
CASSFGTSGYEQYF
CASSFLQDEAFF
CASSLGAGGLNIQYF
CSARAPGLGEQFF
CASSYLGPVYGYTF
CASSLDRRETQYF
CASSQLTGGTDTQYF
CASSLGFWPGGYEQYF,CASSFMRGDTQYF
CASSLTRQGAVVGTDTQYF
CSVNQGLTEAFF,CASRARVGVTEAFF
CSARDWKPGHEKLFF
CASSQGGVDGDGYTF
CASSPLRALASNNEQFF
CASSQAGANTEAFF
CASSLVDTQYF
CASSRREGGYNEQFF,CASRSRGYTEAFF
CASSLGDRGLQETQYF
CATSDTGTSVRGNEQFF
CSARDLSGTSGYNEQFF
CASSLRDGGYTF
CASSYPGFETYGYTF
CASSQLGTGGQETQYF
CSANRDTPYNEQFF
CASSLDYEQYF
CSARGQRSYNEQFF
CATSDEFPADTQYF
CAISELREGGQPQHF,CAISAGRGSNQPQHF,CASSRTGWGGQPQHF
CSARAQGALSNQPQHF
CASSEQSYEQYF
CASSVGENTEAFF
CATSDRAKGGYTF,CATGTFRGGYGYTF
CSARGLIRLPDTQYF
CSVEDGLSNTEAFF,CSGRKGGNTEAFF
CASSYKRTDKRTQYF
CASSPRGGVSGANVLTF,CASSLPGGTSGANVLTF
CASSFGRGGTDTQYF
CASSLLETQYF,CASSLTETQYF
CASSMERGPGNEQFF
CASSYSTGTGNTEAFF
CASSVPRYSGANVLTF
CSARMGLALTLGTDTQYF
CSARGTREQFF
CASSLAVRQETQYF
CASSRRTGPIAEQYF
CASSPHRVYGYTF,CASSPRRDYGYTF
CASSRGRNSEQFF
CASSQVTGGSGYTF
CASSKLADRDPTDTQYF,CASSSTGAHTDTQYF
CSARWVPRQGADTQYF
CASSLTRYEQYF
CSARDGVWRGDNEQFF
CASRLGRTQETQYF
CASSLRALGQGATDTQYF
CASIGTGRDYEQYF
CASSEMSVRVPTDTQYF
CASRGNGAGGLQETQYF
CASSLAVTGGIGEQFF
CASSSRDRAEAFF
CASSWRQGPDTQYF
CSAPMDRGGNEQFF
CAIRGDSNQPQHF
CASRSQGANTGELFF
CSARDRGLHSRDNEQFF
CASSDRETQYF
CASSLAHPEAFF
CASSLGQGANEQFF
CASSEQGTEVNSPLHF
CASQYRGPYEQYF
CASSLAGTSGLPYEQYF
CASSLGGNTEAFF
CSARDIGTSSYNEQFF
